,,,,,,,,,,,,,,,,,,,,,,,
Short Date (month : year),NO,Error,NE,Error,CE,Error,SE,Error,SW,Error,CW,,NW,,Overall_mass_change,,,,,,,,
 Apr  : 02,1.94E+02,7.61E+00,5.96E+01,1.04E+01,4.65E+02,1.97E+01,3.49E+02,1.96E+01,4.43E+02,2.00E+01,2.35E+02,1.30E+01,3.98E+02,9.57E+00,2.14E+03,4.41E+01,,,,,,,
 May  : 02,1.90E+02,,7.31E+01,,4.40E+02,,3.54E+02,,4.43E+02,,2.47E+02,,4.18E+02,,2.17E+03,,,,,,,,
 Aug  : 02,1.71E+02,,3.22E+01,,3.46E+02,,2.91E+02,,4.00E+02,,2.22E+02,,3.96E+02,,1.86E+03,,,,,,,,
 Sep  : 02,1.43E+02,,5.60E+01,,3.41E+02,,2.68E+02,,3.97E+02,,2.09E+02,,3.66E+02,,1.78E+03,,,,,,,,
 Oct  : 02,1.62E+02,,3.78E+01,,4.18E+02,,2.93E+02,,4.02E+02,,1.98E+02,,3.82E+02,,1.89E+03,,,,,,,,
 Nov  : 02,1.80E+02,,4.54E+01,,3.88E+02,,2.64E+02,,4.58E+02,,2.40E+02,,3.93E+02,,1.97E+03,,,,,,,,
 Dec  : 02,1.82E+02,,5.23E+01,,3.99E+02,,3.70E+02,,3.88E+02,,2.09E+02,,3.82E+02,,1.98E+03,,,,,,,,
 Jan  : 03,1.85E+02,,4.65E+01,,3.81E+02,,3.46E+02,,4.21E+02,,2.66E+02,,3.77E+02,,2.02E+03,,,,,,,,
 Feb  : 03,1.66E+02,,5.85E+01,,4.44E+02,,3.81E+02,,4.01E+02,,1.79E+02,,3.57E+02,,1.99E+03,,,,,,,,
 Mar  : 03,1.81E+02,,2.98E+01,,4.65E+02,,3.45E+02,,4.65E+02,,2.26E+02,,3.70E+02,,2.08E+03,,,,,,,,
 Apr  : 03,1.72E+02,,4.97E+01,,4.67E+02,,3.96E+02,,4.60E+02,,2.26E+02,,3.56E+02,,2.13E+03,,,,,,,,
 May  : 03,1.77E+02,,4.70E+01,,5.14E+02,,3.71E+02,,4.78E+02,,2.09E+02,,3.68E+02,,2.16E+03,,,,,,,,
 Jul  : 03,1.53E+02,,1.93E+01,,4.44E+02,,3.48E+02,,4.18E+02,,1.85E+02,,3.39E+02,,1.91E+03,,,,,,,,
 Aug  : 03,1.36E+02,,5.35E-01,,4.11E+02,,3.44E+02,,3.58E+02,,1.86E+02,,3.51E+02,,1.79E+03,,,,,,,,
 Sep  : 03,1.35E+02,,1.25E+01,,3.81E+02,,3.45E+02,,3.31E+02,,1.99E+02,,3.61E+02,,1.76E+03,,,,,,,,
 Oct  : 03,1.45E+02,,3.19E+00,,3.69E+02,,3.34E+02,,3.56E+02,,2.22E+02,,3.67E+02,,1.80E+03,,,,,,,,
 Nov  : 03,1.39E+02,,3.07E+01,,3.93E+02,,3.39E+02,,3.26E+02,,1.70E+02,,3.51E+02,,1.75E+03,,,,,,,,
 Dec  : 03,1.46E+02,,8.64E-01,,3.93E+02,,3.44E+02,,3.44E+02,,1.83E+02,,3.68E+02,,1.78E+03,,,,,,,,
 Jan  : 04,1.46E+02,,9.32E+00,,4.09E+02,,3.41E+02,,3.60E+02,,1.75E+02,,3.56E+02,,1.80E+03,,,,,,,,
 Feb  : 04,1.42E+02,,2.18E+01,,3.76E+02,,3.52E+02,,3.71E+02,,2.00E+02,,3.49E+02,,1.81E+03,,,,,,,,
 Mar  : 04,1.45E+02,,1.07E+01,,4.12E+02,,3.43E+02,,3.84E+02,,1.98E+02,,3.42E+02,,1.84E+03,,,,,,,,
 Apr  : 04,1.44E+02,,1.60E+01,,4.47E+02,,3.22E+02,,4.14E+02,,1.89E+02,,3.45E+02,,1.88E+03,,,,,,,,
 May  : 04,1.35E+02,,9.28E-01,,4.14E+02,,3.50E+02,,4.04E+02,,1.96E+02,,3.27E+02,,1.83E+03,,,,,,,,
 Jun  : 04,1.48E+02,,5.89E+00,,4.10E+02,,3.40E+02,,4.02E+02,,1.96E+02,,3.34E+02,,1.84E+03,,,,,,,,
 Jul  : 04,1.29E+02,,2.80E+01,,3.75E+02,,3.29E+02,,3.76E+02,,1.79E+02,,3.16E+02,,1.73E+03,,,,,,,,
 Aug  : 04,1.10E+02,,1.82E+01,,3.39E+02,,3.37E+02,,3.19E+02,,1.85E+02,,3.08E+02,,1.62E+03,,,,,,,,
 Sep  : 04,1.18E+02,,1.89E+01,,3.41E+02,,3.02E+02,,3.30E+02,,1.69E+02,,3.18E+02,,1.60E+03,,,,,,,,
 Oct  : 04,1.22E+02,,-6.68E+00,,3.58E+02,,2.68E+02,,3.00E+02,,1.59E+02,,3.21E+02,,1.52E+03,,,,,,,,
 Nov  : 04,1.26E+02,,-8.35E+00,,3.18E+02,,2.72E+02,,3.25E+02,,1.95E+02,,3.40E+02,,1.57E+03,,,,,,,,
 Dec  : 04,1.36E+02,,-6.35E+00,,3.67E+02,,2.50E+02,,3.61E+02,,1.82E+02,,3.48E+02,,1.64E+03,,,,,,,,
 Jan  : 05,1.33E+02,,8.15E+00,,3.34E+02,,2.81E+02,,3.57E+02,,1.93E+02,,3.34E+02,,1.64E+03,,,,,,,,
 Feb  : 05,1.33E+02,,8.86E+00,,3.40E+02,,2.42E+02,,4.17E+02,,2.00E+02,,3.30E+02,,1.67E+03,,,,,,,,
 Mar  : 05,1.36E+02,,2.63E-01,,3.36E+02,,2.69E+02,,3.83E+02,,2.20E+02,,3.41E+02,,1.68E+03,,,,,,,,
 Apr  : 05,1.33E+02,,-1.71E+01,,3.54E+02,,2.29E+02,,4.44E+02,,2.21E+02,,3.47E+02,,1.71E+03,,,,,,,,
 May  : 05,1.37E+02,,-1.65E+00,,3.52E+02,,2.62E+02,,4.10E+02,,2.04E+02,,3.48E+02,,1.71E+03,,,,,,,,
 Jun  : 05,1.26E+02,,2.38E+01,,3.29E+02,,2.56E+02,,4.25E+02,,2.07E+02,,3.43E+02,,1.71E+03,,,,,,,,
 Jul  : 05,1.07E+02,,6.33E+00,,3.12E+02,,2.22E+02,,4.06E+02,,1.99E+02,,3.38E+02,,1.59E+03,,,,,,,,
 Aug  : 05,9.37E+01,,-8.59E+00,,2.54E+02,,2.08E+02,,3.34E+02,,1.76E+02,,3.09E+02,,1.37E+03,,,,,,,,
 Sep  : 05,9.36E+01,,-7.76E+00,,2.22E+02,,2.09E+02,,2.96E+02,,1.59E+02,,2.97E+02,,1.27E+03,,,,,,,,
 Oct  : 05,1.03E+02,,-2.54E+01,,2.17E+02,,1.89E+02,,3.16E+02,,1.72E+02,,3.08E+02,,1.28E+03,,,,,,,,
 Nov  : 05,9.11E+01,,2.36E+00,,2.25E+02,,1.91E+02,,3.37E+02,,1.76E+02,,2.96E+02,,1.32E+03,,,,,,,,
 Dec  : 05,1.20E+02,,-1.47E+01,,2.67E+02,,2.57E+02,,2.76E+02,,1.62E+02,,3.07E+02,,1.38E+03,,,,,,,,
 Jan  : 06,1.08E+02,,2.21E+01,,2.47E+02,,2.18E+02,,3.16E+02,,1.52E+02,,2.89E+02,,1.35E+03,,,,,,,,
 Feb  : 06,9.50E+01,,1.37E+01,,2.75E+02,,1.74E+02,,3.61E+02,,1.64E+02,,2.89E+02,,1.37E+03,,,,,,,,
 Mar  : 06,1.02E+02,,2.14E+01,,2.76E+02,,2.05E+02,,3.49E+02,,1.64E+02,,2.81E+02,,1.40E+03,,,,,,,,
 Apr  : 06,9.77E+01,,1.47E+01,,2.77E+02,,1.92E+02,,3.64E+02,,1.72E+02,,2.80E+02,,1.40E+03,,,,,,,,
 May  : 06,1.03E+02,,2.32E+01,,2.71E+02,,1.98E+02,,3.82E+02,,1.69E+02,,2.72E+02,,1.42E+03,,,,,,,,
 Jun  : 06,1.16E+02,,2.85E+01,,2.52E+02,,1.59E+02,,4.12E+02,,1.86E+02,,2.70E+02,,1.42E+03,,,,,,,,
 Jul  : 06,1.06E+02,,2.94E+01,,2.51E+02,,1.63E+02,,3.43E+02,,1.51E+02,,2.73E+02,,1.32E+03,,,,,,,,
 Aug  : 06,9.59E+01,,2.15E+01,,2.11E+02,,1.43E+02,,2.92E+02,,1.44E+02,,2.47E+02,,1.16E+03,,,,,,,,
 Sep  : 06,9.78E+01,,1.15E+01,,1.88E+02,,1.26E+02,,3.02E+02,,1.54E+02,,2.47E+02,,1.13E+03,,,,,,,,
 Oct  : 06,1.03E+02,,2.24E+01,,2.01E+02,,1.50E+02,,2.58E+02,,1.41E+02,,2.53E+02,,1.13E+03,,,,,,,,
 Nov  : 06,1.15E+02,,2.79E+01,,1.79E+02,,1.22E+02,,3.11E+02,,1.52E+02,,2.48E+02,,1.16E+03,,,,,,,,
 Dec  : 06,1.24E+02,,2.18E+01,,1.50E+02,,1.20E+02,,3.06E+02,,1.58E+02,,2.45E+02,,1.13E+03,,,,,,,,
 Jan  : 07,1.11E+02,,2.48E+01,,1.94E+02,,1.21E+02,,3.02E+02,,1.54E+02,,2.35E+02,,1.14E+03,,,,,,,,
 Feb  : 07,1.15E+02,,2.95E+01,,1.93E+02,,1.64E+02,,2.71E+02,,1.40E+02,,2.55E+02,,1.17E+03,,,,,,,,
 Mar  : 07,1.14E+02,,5.12E+01,,1.93E+02,,1.63E+02,,3.04E+02,,1.36E+02,,2.33E+02,,1.19E+03,,,,,,,,
 Apr  : 07,1.27E+02,,2.54E+01,,2.27E+02,,1.56E+02,,3.16E+02,,1.31E+02,,2.32E+02,,1.21E+03,,,,,,,,
 May  : 07,1.18E+02,,4.63E+01,,1.87E+02,,1.76E+02,,3.10E+02,,1.46E+02,,2.20E+02,,1.20E+03,,,,,,,,
 Jun  : 07,1.18E+02,,3.03E+01,,1.99E+02,,1.81E+02,,2.76E+02,,1.36E+02,,2.26E+02,,1.17E+03,,,,,,,,
 Jul  : 07,1.10E+02,,1.91E+01,,1.70E+02,,1.27E+02,,2.52E+02,,1.13E+02,,2.13E+02,,1.00E+03,,,,,,,,
 Aug  : 07,9.09E+01,,3.88E+01,,9.60E+01,,1.14E+02,,2.20E+02,,1.10E+02,,1.91E+02,,8.60E+02,,,,,,,,
 Sep  : 07,1.04E+02,,2.45E+01,,7.22E+01,,1.01E+02,,2.15E+02,,1.10E+02,,1.74E+02,,8.00E+02,,,,,,,,
 Oct  : 07,1.04E+02,,1.79E+01,,9.58E+01,,1.03E+02,,1.83E+02,,9.69E+01,,1.73E+02,,7.75E+02,,,,,,,,
 Nov  : 07,9.54E+01,,1.07E+01,,8.59E+01,,1.27E+02,,1.82E+02,,1.08E+02,,1.70E+02,,7.78E+02,,,,,,,,
 Dec  : 07,1.03E+02,,1.50E+01,,8.45E+01,,1.23E+02,,2.10E+02,,1.12E+02,,1.80E+02,,8.27E+02,,,,,,,,
 Jan  : 08,1.05E+02,,1.72E+01,,1.19E+02,,1.14E+02,,2.35E+02,,1.11E+02,,1.68E+02,,8.69E+02,,,,,,,,
 Feb  : 08,1.04E+02,,3.23E+01,,1.28E+02,,1.27E+02,,2.47E+02,,1.08E+02,,1.79E+02,,9.26E+02,,,,,,,,
 Mar  : 08,1.10E+02,,2.72E+01,,1.63E+02,,1.64E+02,,2.04E+02,,1.03E+02,,1.84E+02,,9.56E+02,,,,,,,,
 Apr  : 08,1.01E+02,,3.69E+01,,1.53E+02,,1.22E+02,,2.55E+02,,9.66E+01,,1.57E+02,,9.22E+02,,,,,,,,
 May  : 08,8.13E+01,,5.16E+01,,1.64E+02,,1.15E+02,,2.24E+02,,9.20E+01,,1.40E+02,,8.68E+02,,,,,,,,
 Jun  : 08,8.51E+01,,3.71E+01,,1.73E+02,,9.55E+01,,2.45E+02,,9.35E+01,,1.44E+02,,8.73E+02,,,,,,,,
 Jul  : 08,6.83E+01,,1.21E+01,,1.33E+02,,1.13E+02,,1.93E+02,,9.51E+01,,1.45E+02,,7.60E+02,,,,,,,,
 Aug  : 08,4.27E+01,,9.26E+00,,1.07E+02,,7.86E+01,,1.38E+02,,7.63E+01,,1.28E+02,,5.80E+02,,,,,,,,
 Sep  : 08,4.02E+01,,-1.16E+01,,1.18E+02,,5.80E+01,,1.20E+02,,6.99E+01,,1.26E+02,,5.20E+02,,,,,,,,
 Oct  : 08,3.55E+01,,8.18E+00,,1.01E+02,,6.47E+01,,1.16E+02,,7.82E+01,,1.03E+02,,5.06E+02,,,,,,,,
 Nov  : 08,3.48E+01,,2.50E+01,,1.19E+02,,5.30E+01,,1.71E+02,,8.17E+01,,1.02E+02,,5.87E+02,,,,,,,,
 Dec  : 08,4.26E+01,,2.18E+01,,1.30E+02,,1.40E+02,,1.37E+02,,8.10E+01,,1.11E+02,,6.63E+02,,,,,,,,
 Jan  : 09,4.97E+01,,1.57E+01,,1.58E+02,,8.23E+01,,2.15E+02,,1.08E+02,,1.25E+02,,7.53E+02,,,,,,,,
 Feb  : 09,4.52E+01,,-5.92E+00,,1.22E+02,,1.15E+02,,1.91E+02,,1.04E+02,,1.05E+02,,6.76E+02,,,,,,,,
 Mar  : 09,3.59E+01,,1.44E+01,,1.43E+02,,1.08E+02,,1.90E+02,,7.66E+01,,9.08E+01,,6.58E+02,,,,,,,,
 Apr  : 09,3.98E+01,,5.27E+00,,1.29E+02,,8.87E+01,,2.03E+02,,7.83E+01,,9.59E+01,,6.39E+02,,,,,,,,
 May  : 09,3.76E+01,,7.47E+00,,1.64E+02,,8.57E+01,,2.47E+02,,7.85E+01,,7.89E+01,,6.99E+02,,,,,,,,
 Jun  : 09,5.74E+01,,-1.62E+00,,1.44E+02,,8.00E+01,,2.45E+02,,8.09E+01,,1.00E+02,,7.06E+02,,,,,,,,
 Jul  : 09,4.35E+01,,8.81E+00,,1.57E+02,,1.14E+02,,1.65E+02,,4.29E+01,,8.74E+01,,6.18E+02,,,,,,,,
 Aug  : 09,1.40E+01,,-7.32E+00,,7.98E+01,,4.75E+01,,1.42E+02,,4.31E+01,,3.85E+01,,3.57E+02,,,,,,,,
 Sep  : 09,1.37E+01,,-6.52E+00,,5.07E+01,,4.39E+01,,1.23E+02,,4.65E+01,,4.29E+01,,3.14E+02,,,,,,,,
 Oct  : 09,1.24E+01,,-2.01E+00,,8.75E+01,,3.10E+01,,1.44E+02,,5.51E+01,,4.16E+01,,3.70E+02,,,,,,,,
 Nov  : 09,7.22E+00,,2.89E+01,,1.25E+02,,5.64E+01,,1.03E+02,,3.21E+01,,2.17E+01,,3.74E+02,,,,,,,,
 Dec  : 09,2.30E+01,,1.49E+01,,1.12E+02,,9.10E+01,,1.25E+02,,2.95E+01,,3.69E+01,,4.33E+02,,,,,,,,
 Jan  : 10,1.57E+01,,7.27E+00,,8.48E+01,,9.17E+01,,1.28E+02,,5.83E+01,,5.30E+01,,4.38E+02,,,,,,,,
 Feb  : 10,9.25E+00,,-3.65E+00,,1.20E+02,,5.50E+01,,1.64E+02,,3.10E+01,,4.46E+01,,4.21E+02,,,,,,,,
 Mar  : 10,1.11E+01,,2.44E+00,,8.84E+01,,8.05E+01,,1.73E+02,,7.12E+01,,3.02E+01,,4.57E+02,,,,,,,,
 Apr  : 10,9.17E+00,,9.75E+00,,1.22E+02,,6.70E+01,,1.82E+02,,4.78E+01,,2.32E+01,,4.60E+02,,,,,,,,
 May  : 10,2.81E+01,,-9.29E+00,,7.71E+01,,9.72E+01,,1.67E+02,,7.66E+01,,3.54E+01,,4.72E+02,,,,,,,,
 Jun  : 10,3.16E+01,,-2.90E+00,,8.45E+01,,8.92E+01,,1.29E+02,,2.38E+01,,1.78E+01,,3.72E+02,,,,,,,,
 Jul  : 10,-1.17E+01,,-1.27E+00,,6.74E+01,,1.73E+01,,7.17E+01,,7.68E+00,,-5.28000000E+00,,1.46E+02,,,,,,,,
 Aug  : 10,-1.81E+01,,-2.17E+01,,-5.32E-01,,9.30E+00,,1.11E+01,,-9.71E-01,,-1.59000000E+01,,-3.69000000E+01,,,,,,,,
 Sep  : 10,-1.94E+01,,-1.83E+01,,5.60E+00,,1.17E+00,,-5.45E+01,,-1.65E+01,,-1.67000000E+01,,-1.18000000E+02,,,,,,,,
 Oct  : 10,-6.82E-01,,-2.12E+01,,8.08E+00,,6.38E+00,,-3.96E+01,,1.71E+00,,-1.70000000E+01,,-6.23000000E+01,,,,,,,,
 Nov  : 10,2.71E+00,,-6.52E+00,,2.74E+01,,-6.45E+00,,-3.24E+01,,-2.15E+01,,-2.27000000E+01,,-5.95000000E+01,,,,,,,,
 Dec  : 10,1.25E+00,,-1.51E+00,,-1.60E+01,,-5.35E+00,,-4.12E+01,,-1.32E+01,,-5.81000000E+00,,-8.19000000E+01,,,,,,,,
 Feb  : 11,4.30E+00,,-1.76E+01,,-1.51E-02,,-6.34E+00,,2.03E+01,,1.42E+01,,5.34E-02,,1.48E+01,,,,,,,,
 Mar  : 11,1.35E+01,,-1.41E+01,,1.86E+01,,-3.81E+01,,4.37E+01,,5.74E+00,,-1.34000000E+01,,1.58E+01,,,,,,,,
 Apr  : 11,1.45E+01,,-1.32E+01,,1.96E+01,,-8.10E+00,,2.09E+01,,1.24E+01,,-1.20000000E+01,,3.40E+01,,,,,,,,
 May  : 11,6.81E+00,,-3.49E+00,,1.63E+01,,8.34E+00,,-1.50E+01,,-9.57E+00,,-2.00000000E+01,,-1.67000000E+01,,,,,,,,
 Jul  : 11,-2.04E+01,,8.34E-01,,-2.90E+01,,-2.02E+01,,-6.95E+01,,-1.88E+01,,-6.28000000E+01,,-2.20000000E+02,,,,,,,,
 Aug  : 11,-4.58E+01,,-1.17E+01,,-5.34E+01,,-3.43E+01,,-1.30E+02,,-4.73E+01,,-6.59000000E+01,,-3.88000000E+02,,,,,,,,
 Sep  : 11,-4.25E+01,,-1.10E+01,,-6.47E+01,,-3.39E+01,,-1.50E+02,,-6.26E+01,,-7.27000000E+01,,-4.37000000E+02,,,,,,,,
 Oct  : 11,-4.84E+01,,-2.17E+01,,-4.85E+01,,-8.12E+01,,-1.38E+02,,-6.82E+01,,-7.59000000E+01,,-4.82000000E+02,,,,,,,,
 Oct  : 11,-4.29E+01,,-2.77E+01,,-5.37E+01,,-9.71E+01,,-1.21E+02,,-6.37E+01,,-6.94000000E+01,,-4.75000000E+02,,,,,,,,
 Dec  : 11,-4.60E+01,,-1.02E+01,,-3.54E+01,,-9.15E+01,,-9.64E+01,,-6.51E+01,,-8.28000000E+01,,-4.27000000E+02,,,,,,,,
 Jan  : 12,-4.84E+01,,-1.37E+01,,-2.50E+01,,-5.97E+01,,-1.30E+02,,-6.58E+01,,-8.62000000E+01,,-4.29000000E+02,,,,,,,,
 Feb  : 12,-4.45E+01,,-7.04E+00,,-3.68E+01,,-6.68E+00,,-1.48E+02,,-6.55E+01,,-9.30000000E+01,,-4.02000000E+02,,,,,,,,
 Mar  : 12,-2.54E+01,,-1.33E+01,,-5.54E+00,,-6.94E+01,,-8.34E+01,,-6.20E+01,,-9.10000000E+01,,-3.50000000E+02,,,,,,,,
 Apr  : 12,-2.65E+01,,-1.14E+01,,-2.77E+01,,-6.32E+01,,-6.78E+01,,-5.23E+01,,-9.31000000E+01,,-3.42000000E+02,,,,,,,,
 Jun  : 12,-4.74E+01,,6.99E+00,,5.42E+00,,-6.80E+01,,-9.72E+01,,-6.67E+01,,-1.16000000E+02,,-3.83000000E+02,,,,,,,,
 Jul  : 12,-6.00E+01,,3.48E+00,,-7.90E+01,,-5.53E+01,,-1.45E+02,,-7.03E+01,,-1.13000000E+02,,-5.19000000E+02,,,,,,,,
 Aug  : 12,-9.06E+01,,-2.09E+01,,-1.48E+02,,-9.48E+01,,-2.89E+02,,-1.08E+02,,-1.47000000E+02,,-8.99000000E+02,,,,,,,,
 Sep  : 12,-9.54E+01,,-2.33E+01,,-1.59E+02,,-1.52E+02,,-3.30E+02,,-1.32E+02,,-1.41000000E+02,,-1.03000000E+03,,,,,,,,
 Nov  : 12,-8.58E+01,,-3.47E+01,,-1.89E+02,,-1.05E+02,,-3.16E+02,,-1.02E+02,,-1.26000000E+02,,-9.59000000E+02,,,,,,,,
 Dec  : 12,-8.56E+01,,-3.05E+01,,-1.71E+02,,-1.22E+02,,-2.79E+02,,-1.01E+02,,-1.33000000E+02,,-9.22000000E+02,,,,,,,,
 Jan  : 13,-8.19E+01,,-2.12E+01,,-1.58E+02,,-9.52E+01,,-2.73E+02,,-1.16E+02,,-1.45000000E+02,,-8.90000000E+02,,,,,,,,
 Feb  : 13,-8.59E+01,,-3.60E+01,,-1.55E+02,,-1.12E+02,,-2.50E+02,,-1.12E+02,,-1.55000000E+02,,-9.06000000E+02,,,,,,,,
 Apr  : 13,-9.38E+01,,-1.11E+01,,-1.38E+02,,-6.29E+01,,-2.98E+02,,-1.39E+02,,-1.77000000E+02,,-9.21000000E+02,,,,,,,,
 May  : 13,-8.36E+01,,-2.46E+01,,-1.35E+02,,-8.30E+01,,-2.43E+02,,-1.10E+02,,-1.63000000E+02,,-8.43000000E+02,,,,,,,,
 Jun  : 13,-7.31E+01,,-2.04E+01,,-1.44E+02,,-1.10E+02,,-1.98E+02,,-9.35E+01,,-1.61000000E+02,,-7.99000000E+02,,,,,,,,
 Jul  : 13,-8.52E+01,,-4.31E+01,,-1.75E+02,,-1.13E+02,,-2.30E+02,,-1.32E+02,,-1.78000000E+02,,-9.57000000E+02,,,,,,,,
 Oct  : 13,-9.66E+01,,-1.53E+01,,-2.12E+02,,-1.11E+02,,-3.05E+02,,-1.16E+02,,-1.71000000E+02,,-1.03000000E+03,,,,,,,,
 Nov  : 13,-7.61E+01,,-1.91E+01,,-2.12E+02,,-1.50E+02,,-2.59E+02,,-1.24E+02,,-1.81000000E+02,,-1.02000000E+03,,,,,,,,
 Dec  : 13,-7.62E+01,,-2.46E+01,,-1.87E+02,,-1.44E+02,,-2.43E+02,,-1.21E+02,,-1.79000000E+02,,-9.75000000E+02,,,,,,,,
 Jan  : 14,-8.71E+01,,-2.28E+00,,-1.66E+02,,-1.06E+02,,-2.95E+02,,-1.44E+02,,-1.92000000E+02,,-9.93000000E+02,,,,,,,,
 Mar  : 14,-8.37E+01,,-1.38E+01,,-1.49E+02,,-1.34E+02,,-2.12E+02,,-1.38E+02,,-2.09000000E+02,,-9.40000000E+02,,,,,,,,
 Apr  : 14,-8.11E+01,,-1.49E+01,,-1.33E+02,,-9.02E+01,,-2.37E+02,,-1.56E+02,,-2.15000000E+02,,-9.28000000E+02,,,,,,,,
 May  : 14,-7.31E+01,,-2.58E+01,,-1.38E+02,,-7.29E+01,,-2.20E+02,,-1.39E+02,,-2.08000000E+02,,-8.76000000E+02,,,,,,,,
 Jun  : 14,-7.19E+01,,-2.88E+01,,-1.39E+02,,-8.39E+01,,-2.54E+02,,-1.44E+02,,-2.08000000E+02,,-9.30000000E+02,,,,,,,,
 Aug  : 14,-1.20E+02,,-1.43E+01,,-2.03E+02,,-1.15E+02,,-3.76E+02,,-1.97E+02,,-2.55000000E+02,,-1.28000000E+03,,,,,,,,
 Sep  : 14,-1.08E+02,,-3.28E+01,,-2.24E+02,,-1.43E+02,,-3.38E+02,,-1.71E+02,,-2.34000000E+02,,-1.25000000E+03,,,,,,,,
 Oct  : 14,-1.08E+02,,-1.84E+01,,-2.11E+02,,-1.31E+02,,-3.58E+02,,-1.78E+02,,-2.39000000E+02,,-1.24000000E+03,,,,,,,,
 Nov  : 14,-1.08E+02,,-1.44E+01,,-2.03E+02,,-1.49E+02,,-3.35E+02,,-1.64E+02,,-2.49000000E+02,,-1.22000000E+03,,,,,,,,
 Jan  : 15,-9.91E+01,,1.66E+01,,-1.49E+02,,-6.81E+01,,-4.27E+02,,-2.04E+02,,-2.59000000E+02,,-1.19000000E+03,,,,,,,,
 Feb  : 15,-1.09E+02,,1.06E+01,,-1.49E+02,,-1.18E+02,,-3.22E+02,,-1.86E+02,,-2.58000000E+02,,-1.13000000E+03,,,,,,,,
 Mar  : 15,-1.01E+02,,2.06E+01,,-1.48E+02,,-1.20E+02,,-3.08E+02,,-1.78E+02,,-2.77000000E+02,,-1.11000000E+03,,,,,,,,
 Apr  : 15,-9.73E+01,,3.48E+00,,-1.28E+02,,-1.19E+02,,-3.18E+02,,-1.86E+02,,-2.74000000E+02,,-1.12000000E+03,,,,,,,,
 Apr  : 15,-9.92E+01,,9.93E+00,,-1.30E+02,,-1.13E+02,,-3.35E+02,,-1.96E+02,,-2.84000000E+02,,-1.15000000E+03,,,,,,,,
 Jul  : 15,-1.34E+02,,-1.55E+01,,-1.76E+02,,-1.40E+02,,-3.42E+02,,-2.11E+02,,-3.09000000E+02,,-1.33000000E+03,,,,,,,,
 Aug  : 15,-1.50E+02,,-2.95E+01,,-1.95E+02,,-1.54E+02,,-3.58E+02,,-2.26E+02,,-3.21000000E+02,,-1.43000000E+03,,,,,,,,
 Sep  : 15,-1.65E+02,,-1.89E+01,,-1.95E+02,,-1.62E+02,,-3.82E+02,,-2.27E+02,,-3.40000000E+02,,-1.49000000E+03,,,,,,,,
 Dec  : 15,-1.55E+02,,-8.01E+00,,-1.77E+02,,-1.37E+02,,-3.67E+02,,-2.01E+02,,-3.53000000E+02,,-1.40000000E+03,,,,,,,,
 Jan  : 16,-1.56E+02,,1.57E+01,,-1.09E+02,,-1.58E+02,,-3.31E+02,,-2.19E+02,,-3.54000000E+02,,-1.31000000E+03,,,,,,,,
 Feb  : 16,-1.58E+02,,-6.61E+00,,-1.41E+02,,-1.55E+02,,-3.33E+02,,-2.39E+02,,-3.51000000E+02,,-1.38000000E+03,,,,,,,,
 Mar  : 16,-1.50E+02,,-4.08E+00,,-1.70E+02,,-1.49E+02,,-3.04E+02,,-2.18E+02,,-3.52000000E+02,,-1.35000000E+03,,,,,,,,
 May  : 16,-1.47E+02,,-2.45E+01,,-1.29E+02,,-1.40E+02,,-3.07E+02,,-2.03E+02,,-3.37000000E+02,,-1.29000000E+03,,,,,,,,
 Jun  : 16,-1.43E+02,,-3.22E+01,,-1.70E+02,,-1.38E+02,,-3.00E+02,,-1.91E+02,,-3.32000000E+02,,-1.31000000E+03,,,,,,,,
 Jul  : 16,-1.64E+02,,-4.21E+01,,-2.05E+02,,-1.47E+02,,-3.60E+02,,-2.15E+02,,-3.50000000E+02,,-1.48000000E+03,,,,,,,,
 Aug  : 16,-1.81E+02,,-3.76E+01,,-2.89E+02,,-1.62E+02,,-4.77E+02,,-2.53E+02,,-3.73000000E+02,,-1.77000000E+03,,,,,,,,
 Nov  : 16,-1.64E+02,,-3.72E+01,,-2.04E+02,,-1.47E+02,,-4.45E+02,,-2.21E+02,,-3.75000000E+02,,-1.59000000E+03,,,,,,,,
 Dec  : 16,-1.97E+02,,-1.66E+01,,-1.96E+02,,-1.26E+02,,-5.05E+02,,-2.44E+02,,-4.13000000E+02,,-1.70000000E+03,,,,,,,,
 Jan  : 17,-1.65E+02,,-7.04E+00,,-1.19E+02,,-1.95E+02,,-4.01E+02,,-2.56E+02,,-3.93000000E+02,,-1.54000000E+03,,,,,,,,
 Mar  : 17,-1.56E+02,,-8.18E+00,,-1.58E+02,,-1.93E+02,,-3.87E+02,,-2.74E+02,,-4.16000000E+02,,-1.59000000E+03,,,,,,,,
 Apr  : 17,-1.72E+02,,-1.12E+01,,-1.41E+02,,-1.38E+02,,-4.09E+02,,-2.66E+02,,-4.11000000E+02,,-1.55000000E+03,,,,,,,,
 May  : 17,-1.80E+02,,-2.27E+01,,-1.39E+02,,-1.68E+02,,-3.82E+02,,-2.56E+02,,-4.13000000E+02,,-1.56000000E+03,,,,,,,,
 Jun  : 17,-1.64E+02,,-3.54E+01,,-1.42E+02,,-1.88E+02,,-4.07E+02,,-2.60E+02,,-4.08000000E+02,,-1.60000000E+03,,,,,,,,
 Jun  : 18,-1.82E+02,,-2.38E+01,,-1.30E+02,,-1.90E+02,,-4.34E+02,,-2.56E+02,,-4.46000000E+02,,-1.66000000E+03,,,,,,,,
 Jul  : 18,-1.84E+02,,2.98E+01,,-1.16E+02,,-1.96E+02,,-4.56E+02,,-3.12E+02,,-4.81000000E+02,,-1.72000000E+03,,,,,,,,
 Oct  : 18,-1.95E+02,,1.71E+01,,-1.81E+02,,-2.18E+02,,-5.07E+02,,-3.08E+02,,-4.74000000E+02,,-1.87000000E+03,,,,,,,,
 Nov  : 18,-2.03E+02,,1.36E+01,,-2.13E+02,,-2.10E+02,,-5.03E+02,,-2.83E+02,,-4.79000000E+02,,-1.88000000E+03,,,,,,,,
 Dec  : 18,-1.80E+02,,1.02E+01,,-1.96E+02,,-1.99E+02,,-4.71E+02,,-2.88E+02,,-4.60000000E+02,,-1.78000000E+03,,,,,,,,
 Jan  : 19,-1.96E+02,,2.12E+01,,-1.46E+02,,-1.88E+02,,-4.90E+02,,-3.09E+02,,-4.72000000E+02,,-1.78000000E+03,,,,,,,,
 Feb  : 19,-1.94E+02,,-6.62E+00,,-1.64E+02,,-2.08E+02,,-4.45E+02,,-2.82E+02,,-4.83000000E+02,,-1.78000000E+03,,,,,,,,
 Mar  : 19,-1.97E+02,,-4.87E+00,,-1.64E+02,,-2.02E+02,,-4.38E+02,,-2.94E+02,,-4.96000000E+02,,-1.80000000E+03,,,,,,,,
 Apr  : 19,-2.06E+02,,-2.49E+01,,-1.86E+02,,-1.78E+02,,-4.48E+02,,-2.66E+02,,-4.92000000E+02,,-1.80000000E+03,,,,,,,,
 May  : 19,-2.13E+02,,-1.69E+01,,-1.65E+02,,-1.37E+02,,-4.91E+02,,-3.10E+02,,-5.07000000E+02,,-1.84000000E+03,,,,,,,,
 Jun  : 19,-2.04E+02,,-1.30E+01,,-1.52E+02,,-2.00E+02,,-4.42E+02,,-3.25E+02,,-5.03000000E+02,,-1.84000000E+03,,,,,,,,
 Jul  : 19,-2.34E+02,,-3.17E+01,,-2.48E+02,,-1.94E+02,,-4.87E+02,,-3.16E+02,,-5.32000000E+02,,-2.04000000E+03,,,,,,,,
 Aug  : 19,-2.61E+02,,-2.59E+01,,-2.34E+02,,-2.55E+02,,-5.55E+02,,-3.84E+02,,-5.48000000E+02,,-2.26000000E+03,,,,,,,,
 Sep  : 19,-2.78E+02,,-2.56E+01,,-2.86E+02,,-2.43E+02,,-6.01E+02,,-3.70E+02,,-5.92000000E+02,,-2.40000000E+03,,,,,,,,
 Oct  : 19,-2.73E+02,,-2.67E+01,,-3.08E+02,,-2.03E+02,,-6.64E+02,,-3.61E+02,,-5.85000000E+02,,-2.42000000E+03,,,,,,,,
 Nov  : 19,-2.53E+02,,-3.43E+01,,-2.95E+02,,-1.86E+02,,-6.71E+02,,-3.77E+02,,-5.56000000E+02,,-2.37000000E+03,,,,,,,,
 Dec  : 19,-2.49E+02,,-3.93E+01,,-2.76E+02,,-2.35E+02,,-5.75E+02,,-3.54E+02,,-5.49000000E+02,,-2.28000000E+03,,,,,,,,
 Jan  : 20,-2.51E+02,,-1.73E+01,,-2.83E+02,,-2.70E+02,,-5.41E+02,,-3.60E+02,,-5.67000000E+02,,-2.29000000E+03,,,,,,,,
 Feb  : 20,-2.66E+02,,-1.11E+01,,-3.00E+02,,-2.50E+02,,-5.63E+02,,-3.44E+02,,-5.85000000E+02,,-2.32000000E+03,,,,,,,,
 Mar  : 20,-2.74E+02,,-1.35E+01,,-3.03E+02,,-2.27E+02,,-6.16E+02,,-3.65E+02,,-5.98000000E+02,,-2.40000000E+03,,,,,,,,
 Apr  : 20,-2.64E+02,,-1.96E+01,,-3.19E+02,,-2.12E+02,,-5.98E+02,,-3.64E+02,,-5.93000000E+02,,-2.37000000E+03,,,,,,,,
 May  : 20,-2.53E+02,,-2.84E+01,,-3.22E+02,,-1.69E+02,,-6.00E+02,,-3.48E+02,,-5.78000000E+02,,-2.30000000E+03,,,,,,,,
 Jun  : 20,-2.58E+02,,-3.19E+01,,-2.65E+02,,-2.53E+02,,-5.42E+02,,-3.62E+02,,-5.76000000E+02,,-2.29000000E+03,,,,,,,,
 Jul  : 20,-2.88E+02,,-4.34E+01,,-2.89E+02,,-2.65E+02,,-5.68E+02,,-3.72E+02,,-6.04000000E+02,,-2.43000000E+03,,,,,,,,
 Aug  : 20,-3.13E+02,,-1.74E+01,,-3.43E+02,,-2.31E+02,,-6.93E+02,,-3.79E+02,,-6.31000000E+02,,-2.61000000E+03,,,,,,,,
 Sep  : 20,-3.09E+02,,1.68E+00,,-3.42E+02,,-2.93E+02,,-6.41E+02,,-3.82E+02,,-6.41000000E+02,,-2.61000000E+03,,,,,,,,
 Oct  : 20,-2.92E+02,,-3.60E+01,,-2.77E+02,,-3.11E+02,,-5.97E+02,,-3.87E+02,,-6.13000000E+02,,-2.51000000E+03,,,,,,,,
 Nov  : 20,-2.85E+02,,-3.26E+01,,-2.91E+02,,-2.99E+02,,-5.69E+02,,-3.52E+02,,-6.22000000E+02,,-2.45000000E+03,,,,,,,,
 Dec  : 20,-2.99E+02,,-2.31E+01,,-2.66E+02,,-2.99E+02,,-6.10E+02,,-3.82E+02,,-6.23000000E+02,,-2.50000000E+03,,,,,,,,
 Jan  : 21,-3.02E+02,,-1.82E+01,,-2.67E+02,,-2.95E+02,,-5.93E+02,,-3.80E+02,,-6.30000000E+02,,-2.48000000E+03,,,,,,,,
 Feb  : 21,-3.02E+02,,-2.39E+01,,-3.07E+02,,-2.75E+02,,-5.99E+02,,-3.68E+02,,-6.30000000E+02,,-2.50000000E+03,,,,,,,,
 Mar  : 21,-2.94E+02,,5.41E+00,,-2.43E+02,,-2.83E+02,,-6.10E+02,,-3.91E+02,,-6.64000000E+02,,-2.48000000E+03,,,,,,,,
 Apr  : 21,-2.94E+02,,-1.61E+01,,-2.84E+02,,-2.61E+02,,-5.67E+02,,-3.78E+02,,-6.37000000E+02,,-2.44000000E+03,,,,,,,,
 May  : 21,-3.04E+02,,-2.59E+01,,-2.78E+02,,-2.30E+02,,-6.23E+02,,-3.78E+02,,-6.41000000E+02,,-2.48000000E+03,,,,,,,,
 Jun  : 21,-3.05E+02,,-1.19E+01,,-3.11E+02,,-2.55E+02,,-6.02E+02,,-3.84E+02,,-6.50000000E+02,,-2.52000000E+03,,,,,,,,
 Jul  : 21,-3.18E+02,,-3.46E+01,,-2.87E+02,,-3.44E+02,,-5.54E+02,,-3.85E+02,,-6.49000000E+02,,-2.57000000E+03,,,,,,,,
 Aug  : 21,-3.21E+02,,-3.58E+01,,-3.61E+02,,-2.63E+02,,-7.01E+02,,-4.12E+02,,-6.55000000E+02,,-2.75000000E+03,,,,,,,,
 Sep  : 21,-3.19E+02,,-3.51E+01,,-3.57E+02,,-3.21E+02,,-6.63E+02,,-3.84E+02,,-6.38000000E+02,,-2.72000000E+03,,,,,,,,
 Oct  : 21,-3.16E+02,,-2.26E+01,,-3.62E+02,,-3.14E+02,,-7.06E+02,,-4.01E+02,,-6.46000000E+02,,-2.77000000E+03,,,,,,,,
 Nov  : 21,-3.17E+02,,-1.17E+01,,-3.75E+02,,-2.89E+02,,-7.09E+02,,-4.09E+02,,-6.51000000E+02,,-2.76000000E+03,,,,,,,,
 Dec  : 21,-3.29E+02,,-1.25E+01,,-4.02E+02,,-3.36E+02,,-6.48E+02,,-3.78E+02,,-6.65000000E+02,,-2.77000000E+03,,,,,,,,
 Jan  : 21,-3.07E+02,,-3.16E+01,,-3.51E+02,,-2.96E+02,,-7.05E+02,,-4.05E+02,,-6.62000000E+02,,-2.76000000E+03,,,,,,,,
 Feb  : 22,-3.06E+02,,-2.27E+01,,-3.23E+02,,-3.48E+02,,-6.14E+02,,-4.16E+02,,-6.53000000E+02,,-2.68000000E+03,,,,,,,,
 Mar  : 22,-2.99E+02,,-4.18E+01,,-2.87E+02,,-3.11E+02,,-5.97E+02,,-4.06E+02,,-6.55000000E+02,,-2.60000000E+03,,,,,,,,
 Apr  : 22,-3.19E+02,,-2.50E+01,,-2.72E+02,,-3.25E+02,,-5.98E+02,,-4.00E+02,,-6.68000000E+02,,-2.61000000E+03,,,,,,,,
 May  : 22,-3.31E+02,,-1.42E+01,,-2.99E+02,,-3.02E+02,,-6.41E+02,,-4.43E+02,,-6.89000000E+02,,-2.72000000E+03,,,,,,,,
 Jun  : 22,-3.32E+02,,-1.86E+01,,-3.36E+02,,-3.19E+02,,-6.15E+02,,-4.19E+02,,-6.90000000E+02,,-2.73000000E+03,,,,,,,,
 Jul  : 22,-3.12E+02,,-4.21E+01,,-3.74E+02,,-3.21E+02,,-6.18E+02,,-4.05E+02,,-6.82000000E+02,,-2.75000000E+03,,,,,,,,
 Aug  : 22,-3.32E+02,,-6.70E+00,,-3.33E+02,,-3.51E+02,,-6.70E+02,,-4.49E+02,,-7.05000000E+02,,-2.85000000E+03,,,,,,,,
 Sep  : 22,-3.39E+02,,-1.88E+01,,-3.77E+02,,-3.67E+02,,-6.32E+02,,-4.24E+02,,-7.09000000E+02,,-2.87000000E+03,,,,,,,,
 Oct  : 22,-3.46E+02,,-1.05E+01,,-3.32E+02,,-3.49E+02,,-7.28E+02,,-4.68E+02,,-7.08000000E+02,,-2.94000000E+03,,,,,,,,
 Nov  : 22,-3.41E+02,,1.07E+01,,-3.78E+02,,-3.26E+02,,-7.39E+02,,-4.28E+02,,-7.13000000E+02,,-2.92000000E+03,,,,,,,,
 Dec  : 22,-3.32E+02,,-5.17E+01,,-3.62E+02,,-3.45E+02,,-7.01E+02,,-4.01E+02,,-6.75000000E+02,,-2.87000000E+03,,,,,,,,
 Jan  : 23,-3.32E+02,,-2.66E+01,,-3.96E+02,,-3.30E+02,,-6.93E+02,,-3.86E+02,,-6.79000000E+02,,-2.84000000E+03,,,,,,,,
 Feb  : 23,-3.40E+02,,3.32E+00,,-3.47E+02,,-3.21E+02,,-6.91E+02,,-4.20E+02,,-7.05000000E+02,,-2.82000000E+03,,,,,,,,
 Mar  : 23,-3.29E+02,,-2.18E+01,,-3.71E+02,,-3.52E+02,,-6.26E+02,,-3.75E+02,,-6.99000000E+02,,-2.77000000E+03,,,,,,,,
 Apr  : 23,-3.40E+02,,-3.84E+01,,-2.95E+02,,-3.97E+02,,-6.16E+02,,-3.86E+02,,-7.07000000E+02,,-2.78000000E+03,,,,,,,,
 May  : 23,-3.26E+02,,-2.29E+01,,-3.44E+02,,-3.34E+02,,-6.83E+02,,-4.16E+02,,-7.08000000E+02,,-2.83000000E+03,,,,,,,,
 Jun  : 23,-3.18E+02,,-4.49E+01,,-2.86E+02,,-3.48E+02,,-6.49E+02,,-4.10E+02,,-6.91000000E+02,,-2.75000000E+03,,,,,,,,
 Jul  : 23,-3.46E+02,,-3.91E+01,,-3.24E+02,,-3.88E+02,,-6.28E+02,,-3.91E+02,,-6.89000000E+02,,-2.80000000E+03,,,,,,,,
 Aug  : 23,-3.72E+02,,-4.88E+01,,-3.41E+02,,-3.94E+02,,-7.80E+02,,-4.40E+02,,-7.26000000E+02,,-3.10000000E+03,,,,,,,,
 Sep  : 23,-3.83E+02,,-6.58E+01,,-4.46E+02,,-3.71E+02,,-8.05E+02,,-3.92E+02,,-7.05000000E+02,,-3.17000000E+03,,,,,,,,
 Oct  : 23,-3.79E+02,,-6.58E+01,,-3.92E+02,,-4.13E+02,,-7.89E+02,,-4.03E+02,,-7.14000000E+02,,-3.16000000E+03,,,,,,,,
 Nov  : 23,-3.67E+02,,-5.25E+01,,-3.97E+02,,-3.46E+02,,-7.82E+02,,-3.91E+02,,-7.20000000E+02,,-3.06000000E+03,,,,,,,,
 Dec  : 23,-3.64E+02,,-2.70E+01,,-3.92E+02,,-3.75E+02,,-7.33E+02,,-3.94E+02,,-7.35000000E+02,,-3.02000000E+03,,,,,,,,
 Jan  : 24,-3.67E+02,,-2.21E+01,,-4.15E+02,,-3.87E+02,,-6.85E+02,,-3.82E+02,,-7.33000000E+02,,-2.99000000E+03,,,,,,,,
 Feb  : 24,-3.64E+02,,-1.17E+01,,-4.17E+02,,-3.51E+02,,-7.27E+02,,-3.84E+02,,-7.41000000E+02,,-2.99000000E+03,,,,,,,,
 Mar  : 24,-3.55E+02,,-4.60E+01,,-3.75E+02,,-3.95E+02,,-6.79E+02,,-3.76E+02,,-7.34000000E+02,,-2.96000000E+03,,,,,,,,
 Apr  : 24,-3.61E+02,,-2.25E+01,,-3.73E+02,,-3.70E+02,,-7.16E+02,,-4.16E+02,,-7.40000000E+02,,-3.00000000E+03,,,,,,,,
 May  : 24,-3.45E+02,,-2.77E+01,,-4.15E+02,,-3.47E+02,,-6.96E+02,,-3.70E+02,,-7.39000000E+02,,-2.94000000E+03,,,,,,,,
,,,,,,,,,,,,,,,,,,,,,,,
,,,,,,,,,,,,,,,,,,,,,,,
,,,,,,,,,,,,,,,,,,,,,,,
,,,,,,,,,,,,,,,,,,,,,,,
,,,,,,,,,,,,,,,,,,,,,,,
,,,,,,,,,,,,,,,,,,,,,,,
,,,,,,,,,,,,,,,,,,,,,,,
,,,,,,,,,,,,,,,,,,,,,,,
,,,,,,,,,,,,,,,,,,,,,,,
,,,,,,,,,,,,,,,,,,,,,,,
,,,,,,,,,,,,,,,,,,,,,,,
,,,,,,,,,,,,,,,,,,,,,,,
,,,,,,,,,,,,,,,,,,,,,,,
,,,,,,,,,,,,,,,,,,,,,,,
,,,,,,,,,,,,,,,,,,,,,,,
,,,,,,,,,,,,,,,,,,,,,,,
,,,,,,,,,,,,,,,,,,,,,,,
,,,,,,,,,,,,,,,,,,,,,,,
,,,,,,,,,,,,,,,,,,,,,,,
,,,,,,,,,,,,,,,,,,,,,,,
,,,,,,,,,,,,,,,,,,,,,,,
,,,,,,,,,,,,,,,,,,,,,,,
,,,,,,,,,,,,,,,,,,,,,,,
,,,,,,,,,,,,,,,,,,,,,,,
,,,,,,,,,,,,,,,,,,,,,,,
,,,,,,,,,,,,,,,,,,,,,,,
,,,,,,,,,,,,,,,,,,,,,,,
,,,,,,,,,,,,,,,,,,,,,,,
,,,,,,,,,,,,,,,,,,,,,,,
,,,,,,,,,,,,,,,,,,,,,,,
,,,,,,,,,,,,,,,,,,,,,,,
,,,,,,,,,,,,,,,,,,,,,,,
,,,,,,,,,,,,,,,,,,,,,,,
,,,,,,,,,,,,,,,,,,,,,,,
,,,,,,,,,,,,,,,,,,,,,,,
,,,,,,,,,,,,,,,,,,,,,,,
,,,,,,,,,,,,,,,,,,,,,,,
,,,,,,,,,,,,,,,,,,,,,,,
,,,,,,,,,,,,,,,,,,,,,,,
,,,,,,,,,,,,,,,,,,,,,,,
,,,,,,,,,,,,,,,,,,,,,,,
,,,,,,,,,,,,,,,,,,,,,,,
,,,,,,,,,,,,,,,,,,,,,,,
,,,,,,,,,,,,,,,,,,,,,,,
,,,,,,,,,,,,,,,,,,,,,,,
,,,,,,,,,,,,,,,,,,,,,,,
,,,,,,,,,,,,,,,,,,,,,,,
,,,,,,,,,,,,,,,,,,,,,,,
,,,,,,,,,,,,,,,,,,,,,,,
,,,,,,,,,,,,,,,,,,,,,,,
,,,,,,,,,,,,,,,,,,,,,,,
,,,,,,,,,,,,,,,,,,,,,,,
,,,,,,,,,,,,,,,,,,,,,,,
,,,,,,,,,,,,,,,,,,,,,,,
,,,,,,,,,,,,,,,,,,,,,,,
,,,,,,,,,,,,,,,,,,,,,,,
,,,,,,,,,,,,,,,,,,,,,,,
,,,,,,,,,,,,,,,,,,,,,,,
,,,,,,,,,,,,,,,,,,,,,,,
,,,,,,,,,,,,,,,,,,,,,,,
,,,,,,,,,,,,,,,,,,,,,,,
,,,,,,,,,,,,,,,,,,,,,,,
,,,,,,,,,,,,,,,,,,,,,,,
,,,,,,,,,,,,,,,,,,,,,,,
,,,,,,,,,,,,,,,,,,,,,,,
,,,,,,,,,,,,,,,,,,,,,,,
,,,,,,,,,,,,,,,,,,,,,,,
,,,,,,,,,,,,,,,,,,,,,,,
,,,,,,,,,,,,,,,,,,,,,,,
,,,,,,,,,,,,,,,,,,,,,,,
,,,,,,,,,,,,,,,,,,,,,,,
,,,,,,,,,,,,,,,,,,,,,,,
,,,,,,,,,,,,,,,,,,,,,,,
,,,,,,,,,,,,,,,,,,,,,,,
,,,,,,,,,,,,,,,,,,,,,,,
,,,,,,,,,,,,,,,,,,,,,,,
,,,,,,,,,,,,,,,,,,,,,,,
,,,,,,,,,,,,,,,,,,,,,,,
,,,,,,,,,,,,,,,,,,,,,,,
,,,,,,,,,,,,,,,,,,,,,,,
,,,,,,,,,,,,,,,,,,,,,,,
,,,,,,,,,,,,,,,,,,,,,,,
,,,,,,,,,,,,,,,,,,,,,,,
,,,,,,,,,,,,,,,,,,,,,,,
,,,,,,,,,,,,,,,,,,,,,,,
,,,,,,,,,,,,,,,,,,,,,,,
,,,,,,,,,,,,,,,,,,,,,,,
,,,,,,,,,,,,,,,,,,,,,,,
,,,,,,,,,,,,,,,,,,,,,,,
,,,,,,,,,,,,,,,,,,,,,,,
,,,,,,,,,,,,,,,,,,,,,,,
,,,,,,,,,,,,,,,,,,,,,,,
,,,,,,,,,,,,,,,,,,,,,,,
,,,,,,,,,,,,,,,,,,,,,,,
,,,,,,,,,,,,,,,,,,,,,,,
,,,,,,,,,,,,,,,,,,,,,,,
,,,,,,,,,,,,,,,,,,,,,,,
,,,,,,,,,,,,,,,,,,,,,,,
,,,,,,,,,,,,,,,,,,,,,,,
,,,,,,,,,,,,,,,,,,,,,,,
,,,,,,,,,,,,,,,,,,,,,,,
,,,,,,,,,,,,,,,,,,,,,,,
,,,,,,,,,,,,,,,,,,,,,,,
,,,,,,,,,,,,,,,,,,,,,,,
,,,,,,,,,,,,,,,,,,,,,,,
,,,,,,,,,,,,,,,,,,,,,,,
,,,,,,,,,,,,,,,,,,,,,,,
,,,,,,,,,,,,,,,,,,,,,,,
,,,,,,,,,,,,,,,,,,,,,,,
,,,,,,,,,,,,,,,,,,,,,,,
,,,,,,,,,,,,,,,,,,,,,,,
,,,,,,,,,,,,,,,,,,,,,,,
,,,,,,,,,,,,,,,,,,,,,,,
,,,,,,,,,,,,,,,,,,,,,,,
,,,,,,,,,,,,,,,,,,,,,,,
,,,,,,,,,,,,,,,,,,,,,,,
,,,,,,,,,,,,,,,,,,,,,,,
,,,,,,,,,,,,,,,,,,,,,,,
,,,,,,,,,,,,,,,,,,,,,,,
,,,,,,,,,,,,,,,,,,,,,,,
,,,,,,,,,,,,,,,,,,,,,,,
,,,,,,,,,,,,,,,,,,,,,,,
,,,,,,,,,,,,,,,,,,,,,,,
,,,,,,,,,,,,,,,,,,,,,,,
,,,,,,,,,,,,,,,,,,,,,,,
,,,,,,,,,,,,,,,,,,,,,,,
,,,,,,,,,,,,,,,,,,,,,,,
,,,,,,,,,,,,,,,,,,,,,,,
,,,,,,,,,,,,,,,,,,,,,,,
,,,,,,,,,,,,,,,,,,,,,,,
,,,,,,,,,,,,,,,,,,,,,,,
,,,,,,,,,,,,,,,,,,,,,,,
,,,,,,,,,,,,,,,,,,,,,,,
,,,,,,,,,,,,,,,,,,,,,,,
,,,,,,,,,,,,,,,,,,,,,,,
,,,,,,,,,,,,,,,,,,,,,,,
,,,,,,,,,,,,,,,,,,,,,,,
,,,,,,,,,,,,,,,,,,,,,,,
,,,,,,,,,,,,,,,,,,,,,,,
,,,,,,,,,,,,,,,,,,,,,,,
,,,,,,,,,,,,,,,,,,,,,,,
,,,,,,,,,,,,,,,,,,,,,,,
,,,,,,,,,,,,,,,,,,,,,,,
,,,,,,,,,,,,,,,,,,,,,,,
,,,,,,,,,,,,,,,,,,,,,,,
,,,,,,,,,,,,,,,,,,,,,,,
,,,,,,,,,,,,,,,,,,,,,,,
,,,,,,,,,,,,,,,,,,,,,,,
,,,,,,,,,,,,,,,,,,,,,,,
,,,,,,,,,,,,,,,,,,,,,,,
,,,,,,,,,,,,,,,,,,,,,,,
,,,,,,,,,,,,,,,,,,,,,,,
,,,,,,,,,,,,,,,,,,,,,,,
,,,,,,,,,,,,,,,,,,,,,,,
,,,,,,,,,,,,,,,,,,,,,,,
,,,,,,,,,,,,,,,,,,,,,,,
,,,,,,,,,,,,,,,,,,,,,,,
,,,,,,,,,,,,,,,,,,,,,,,
,,,,,,,,,,,,,,,,,,,,,,,
,,,,,,,,,,,,,,,,,,,,,,,
,,,,,,,,,,,,,,,,,,,,,,,
,,,,,,,,,,,,,,,,,,,,,,,
,,,,,,,,,,,,,,,,,,,,,,,
,,,,,,,,,,,,,,,,,,,,,,,
,,,,,,,,,,,,,,,,,,,,,,,
,,,,,,,,,,,,,,,,,,,,,,,
,,,,,,,,,,,,,,,,,,,,,,,
,,,,,,,,,,,,,,,,,,,,,,,
,,,,,,,,,,,,,,,,,,,,,,,
,,,,,,,,,,,,,,,,,,,,,,,
,,,,,,,,,,,,,,,,,,,,,,,
,,,,,,,,,,,,,,,,,,,,,,,
,,,,,,,,,,,,,,,,,,,,,,,
,,,,,,,,,,,,,,,,,,,,,,,
,,,,,,,,,,,,,,,,,,,,,,,
,,,,,,,,,,,,,,,,,,,,,,,
,,,,,,,,,,,,,,,,,,,,,,,
,,,,,,,,,,,,,,,,,,,,,,,
,,,,,,,,,,,,,,,,,,,,,,,
,,,,,,,,,,,,,,,,,,,,,,,
,,,,,,,,,,,,,,,,,,,,,,,
,,,,,,,,,,,,,,,,,,,,,,,
,,,,,,,,,,,,,,,,,,,,,,,
,,,,,,,,,,,,,,,,,,,,,,,
,,,,,,,,,,,,,,,,,,,,,,,
,,,,,,,,,,,,,,,,,,,,,,,
,,,,,,,,,,,,,,,,,,,,,,,
,,,,,,,,,,,,,,,,,,,,,,,
,,,,,,,,,,,,,,,,,,,,,,,
,,,,,,,,,,,,,,,,,,,,,,,
,,,,,,,,,,,,,,,,,,,,,,,
,,,,,,,,,,,,,,,,,,,,,,,
,,,,,,,,,,,,,,,,,,,,,,,
,,,,,,,,,,,,,,,,,,,,,,,
,,,,,,,,,,,,,,,,,,,,,,,
,,,,,,,,,,,,,,,,,,,,,,,
,,,,,,,,,,,,,,,,,,,,,,,
,,,,,,,,,,,,,,,,,,,,,,,
,,,,,,,,,,,,,,,,,,,,,,,
,,,,,,,,,,,,,,,,,,,,,,,
,,,,,,,,,,,,,,,,,,,,,,,
,,,,,,,,,,,,,,,,,,,,,,,
,,,,,,,,,,,,,,,,,,,,,,,
,,,,,,,,,,,,,,,,,,,,,,,
,,,,,,,,,,,,,,,,,,,,,,,
,,,,,,,,,,,,,,,,,,,,,,,
,,,,,,,,,,,,,,,,,,,,,,,
,,,,,,,,,,,,,,,,,,,,,,,
,,,,,,,,,,,,,,,,,,,,,,,
,,,,,,,,,,,,,,,,,,,,,,,
,,,,,,,,,,,,,,,,,,,,,,,
,,,,,,,,,,,,,,,,,,,,,,,
,,,,,,,,,,,,,,,,,,,,,,,
,,,,,,,,,,,,,,,,,,,,,,,
,,,,,,,,,,,,,,,,,,,,,,,
,,,,,,,,,,,,,,,,,,,,,,,
,,,,,,,,,,,,,,,,,,,,,,,
,,,,,,,,,,,,,,,,,,,,,,,
,,,,,,,,,,,,,,,,,,,,,,,
,,,,,,,,,,,,,,,,,,,,,,,
,,,,,,,,,,,,,,,,,,,,,,,
,,,,,,,,,,,,,,,,,,,,,,,
,,,,,,,,,,,,,,,,,,,,,,,
,,,,,,,,,,,,,,,,,,,,,,,
,,,,,,,,,,,,,,,,,,,,,,,
,,,,,,,,,,,,,,,,,,,,,,,
,,,,,,,,,,,,,,,,,,,,,,,
,,,,,,,,,,,,,,,,,,,,,,,
,,,,,,,,,,,,,,,,,,,,,,,
,,,,,,,,,,,,,,,,,,,,,,,
,,,,,,,,,,,,,,,,,,,,,,,
,,,,,,,,,,,,,,,,,,,,,,,
,,,,,,,,,,,,,,,,,,,,,,,
,,,,,,,,,,,,,,,,,,,,,,,
,,,,,,,,,,,,,,,,,,,,,,,
,,,,,,,,,,,,,,,,,,,,,,,
,,,,,,,,,,,,,,,,,,,,,,,
,,,,,,,,,,,,,,,,,,,,,,,
,,,,,,,,,,,,,,,,,,,,,,,
,,,,,,,,,,,,,,,,,,,,,,,
,,,,,,,,,,,,,,,,,,,,,,,
,,,,,,,,,,,,,,,,,,,,,,,
,,,,,,,,,,,,,,,,,,,,,,,
,,,,,,,,,,,,,,,,,,,,,,,
,,,,,,,,,,,,,,,,,,,,,,,
,,,,,,,,,,,,,,,,,,,,,,,
,,,,,,,,,,,,,,,,,,,,,,,
,,,,,,,,,,,,,,,,,,,,,,,
,,,,,,,,,,,,,,,,,,,,,,,
,,,,,,,,,,,,,,,,,,,,,,,
,,,,,,,,,,,,,,,,,,,,,,,
,,,,,,,,,,,,,,,,,,,,,,,
,,,,,,,,,,,,,,,,,,,,,,,
,,,,,,,,,,,,,,,,,,,,,,,
,,,,,,,,,,,,,,,,,,,,,,,
,,,,,,,,,,,,,,,,,,,,,,,
,,,,,,,,,,,,,,,,,,,,,,,
,,,,,,,,,,,,,,,,,,,,,,,
,,,,,,,,,,,,,,,,,,,,,,,
,,,,,,,,,,,,,,,,,,,,,,,
,,,,,,,,,,,,,,,,,,,,,,,
,,,,,,,,,,,,,,,,,,,,,,,
,,,,,,,,,,,,,,,,,,,,,,,
,,,,,,,,,,,,,,,,,,,,,,,
,,,,,,,,,,,,,,,,,,,,,,,
,,,,,,,,,,,,,,,,,,,,,,,
,,,,,,,,,,,,,,,,,,,,,,,
,,,,,,,,,,,,,,,,,,,,,,,
,,,,,,,,,,,,,,,,,,,,,,,
,,,,,,,,,,,,,,,,,,,,,,,
,,,,,,,,,,,,,,,,,,,,,,,
,,,,,,,,,,,,,,,,,,,,,,,
,,,,,,,,,,,,,,,,,,,,,,,
,,,,,,,,,,,,,,,,,,,,,,,
,,,,,,,,,,,,,,,,,,,,,,,
,,,,,,,,,,,,,,,,,,,,,,,
,,,,,,,,,,,,,,,,,,,,,,,
,,,,,,,,,,,,,,,,,,,,,,,
,,,,,,,,,,,,,,,,,,,,,,,
,,,,,,,,,,,,,,,,,,,,,,,
,,,,,,,,,,,,,,,,,,,,,,,
,,,,,,,,,,,,,,,,,,,,,,,
,,,,,,,,,,,,,,,,,,,,,,,
,,,,,,,,,,,,,,,,,,,,,,,
,,,,,,,,,,,,,,,,,,,,,,,
,,,,,,,,,,,,,,,,,,,,,,,
,,,,,,,,,,,,,,,,,,,,,,,
,,,,,,,,,,,,,,,,,,,,,,,
,,,,,,,,,,,,,,,,,,,,,,,
,,,,,,,,,,,,,,,,,,,,,,,
,,,,,,,,,,,,,,,,,,,,,,,
,,,,,,,,,,,,,,,,,,,,,,,
,,,,,,,,,,,,,,,,,,,,,,,
,,,,,,,,,,,,,,,,,,,,,,,
,,,,,,,,,,,,,,,,,,,,,,,
,,,,,,,,,,,,,,,,,,,,,,,
,,,,,,,,,,,,,,,,,,,,,,,
,,,,,,,,,,,,,,,,,,,,,,,
,,,,,,,,,,,,,,,,,,,,,,,
,,,,,,,,,,,,,,,,,,,,,,,
,,,,,,,,,,,,,,,,,,,,,,,
,,,,,,,,,,,,,,,,,,,,,,,
,,,,,,,,,,,,,,,,,,,,,,,
,,,,,,,,,,,,,,,,,,,,,,,
,,,,,,,,,,,,,,,,,,,,,,,
,,,,,,,,,,,,,,,,,,,,,,,
,,,,,,,,,,,,,,,,,,,,,,,
,,,,,,,,,,,,,,,,,,,,,,,
,,,,,,,,,,,,,,,,,,,,,,,
,,,,,,,,,,,,,,,,,,,,,,,
,,,,,,,,,,,,,,,,,,,,,,,
,,,,,,,,,,,,,,,,,,,,,,,
,,,,,,,,,,,,,,,,,,,,,,,
,,,,,,,,,,,,,,,,,,,,,,,
,,,,,,,,,,,,,,,,,,,,,,,
,,,,,,,,,,,,,,,,,,,,,,,
,,,,,,,,,,,,,,,,,,,,,,,
,,,,,,,,,,,,,,,,,,,,,,,
,,,,,,,,,,,,,,,,,,,,,,,
,,,,,,,,,,,,,,,,,,,,,,,
,,,,,,,,,,,,,,,,,,,,,,,
,,,,,,,,,,,,,,,,,,,,,,,
,,,,,,,,,,,,,,,,,,,,,,,
,,,,,,,,,,,,,,,,,,,,,,,
,,,,,,,,,,,,,,,,,,,,,,,
,,,,,,,,,,,,,,,,,,,,,,,
,,,,,,,,,,,,,,,,,,,,,,,
,,,,,,,,,,,,,,,,,,,,,,,
,,,,,,,,,,,,,,,,,,,,,,,
,,,,,,,,,,,,,,,,,,,,,,,
,,,,,,,,,,,,,,,,,,,,,,,
,,,,,,,,,,,,,,,,,,,,,,,
,,,,,,,,,,,,,,,,,,,,,,,
,,,,,,,,,,,,,,,,,,,,,,,
,,,,,,,,,,,,,,,,,,,,,,,
,,,,,,,,,,,,,,,,,,,,,,,
,,,,,,,,,,,,,,,,,,,,,,,
,,,,,,,,,,,,,,,,,,,,,,,
,,,,,,,,,,,,,,,,,,,,,,,
,,,,,,,,,,,,,,,,,,,,,,,
,,,,,,,,,,,,,,,,,,,,,,,
,,,,,,,,,,,,,,,,,,,,,,,
,,,,,,,,,,,,,,,,,,,,,,,
,,,,,,,,,,,,,,,,,,,,,,,
,,,,,,,,,,,,,,,,,,,,,,,
,,,,,,,,,,,,,,,,,,,,,,,
,,,,,,,,,,,,,,,,,,,,,,,
,,,,,,,,,,,,,,,,,,,,,,,
,,,,,,,,,,,,,,,,,,,,,,,
,,,,,,,,,,,,,,,,,,,,,,,
,,,,,,,,,,,,,,,,,,,,,,,
,,,,,,,,,,,,,,,,,,,,,,,
,,,,,,,,,,,,,,,,,,,,,,,
,,,,,,,,,,,,,,,,,,,,,,,
,,,,,,,,,,,,,,,,,,,,,,,
,,,,,,,,,,,,,,,,,,,,,,,
,,,,,,,,,,,,,,,,,,,,,,,
,,,,,,,,,,,,,,,,,,,,,,,
,,,,,,,,,,,,,,,,,,,,,,,
,,,,,,,,,,,,,,,,,,,,,,,
,,,,,,,,,,,,,,,,,,,,,,,
,,,,,,,,,,,,,,,,,,,,,,,
,,,,,,,,,,,,,,,,,,,,,,,
,,,,,,,,,,,,,,,,,,,,,,,
,,,,,,,,,,,,,,,,,,,,,,,
,,,,,,,,,,,,,,,,,,,,,,,
,,,,,,,,,,,,,,,,,,,,,,,
,,,,,,,,,,,,,,,,,,,,,,,
,,,,,,,,,,,,,,,,,,,,,,,
,,,,,,,,,,,,,,,,,,,,,,,
,,,,,,,,,,,,,,,,,,,,,,,
,,,,,,,,,,,,,,,,,,,,,,,
,,,,,,,,,,,,,,,,,,,,,,,
,,,,,,,,,,,,,,,,,,,,,,,
,,,,,,,,,,,,,,,,,,,,,,,
,,,,,,,,,,,,,,,,,,,,,,,
,,,,,,,,,,,,,,,,,,,,,,,
,,,,,,,,,,,,,,,,,,,,,,,
,,,,,,,,,,,,,,,,,,,,,,,
,,,,,,,,,,,,,,,,,,,,,,,
,,,,,,,,,,,,,,,,,,,,,,,
,,,,,,,,,,,,,,,,,,,,,,,
,,,,,,,,,,,,,,,,,,,,,,,
,,,,,,,,,,,,,,,,,,,,,,,
,,,,,,,,,,,,,,,,,,,,,,,
,,,,,,,,,,,,,,,,,,,,,,,
,,,,,,,,,,,,,,,,,,,,,,,
,,,,,,,,,,,,,,,,,,,,,,,
,,,,,,,,,,,,,,,,,,,,,,,
,,,,,,,,,,,,,,,,,,,,,,,
,,,,,,,,,,,,,,,,,,,,,,,
,,,,,,,,,,,,,,,,,,,,,,,
,,,,,,,,,,,,,,,,,,,,,,,
,,,,,,,,,,,,,,,,,,,,,,,
,,,,,,,,,,,,,,,,,,,,,,,
,,,,,,,,,,,,,,,,,,,,,,,
,,,,,,,,,,,,,,,,,,,,,,,
,,,,,,,,,,,,,,,,,,,,,,,
,,,,,,,,,,,,,,,,,,,,,,,
,,,,,,,,,,,,,,,,,,,,,,,
,,,,,,,,,,,,,,,,,,,,,,,
,,,,,,,,,,,,,,,,,,,,,,,
,,,,,,,,,,,,,,,,,,,,,,,
,,,,,,,,,,,,,,,,,,,,,,,
,,,,,,,,,,,,,,,,,,,,,,,
,,,,,,,,,,,,,,,,,,,,,,,
,,,,,,,,,,,,,,,,,,,,,,,
,,,,,,,,,,,,,,,,,,,,,,,
,,,,,,,,,,,,,,,,,,,,,,,
,,,,,,,,,,,,,,,,,,,,,,,
,,,,,,,,,,,,,,,,,,,,,,,
,,,,,,,,,,,,,,,,,,,,,,,
,,,,,,,,,,,,,,,,,,,,,,,
,,,,,,,,,,,,,,,,,,,,,,,
,,,,,,,,,,,,,,,,,,,,,,,
,,,,,,,,,,,,,,,,,,,,,,,
,,,,,,,,,,,,,,,,,,,,,,,
,,,,,,,,,,,,,,,,,,,,,,,
,,,,,,,,,,,,,,,,,,,,,,,
,,,,,,,,,,,,,,,,,,,,,,,
,,,,,,,,,,,,,,,,,,,,,,,
,,,,,,,,,,,,,,,,,,,,,,,
,,,,,,,,,,,,,,,,,,,,,,,
,,,,,,,,,,,,,,,,,,,,,,,
,,,,,,,,,,,,,,,,,,,,,,,
,,,,,,,,,,,,,,,,,,,,,,,
,,,,,,,,,,,,,,,,,,,,,,,
,,,,,,,,,,,,,,,,,,,,,,,
,,,,,,,,,,,,,,,,,,,,,,,
,,,,,,,,,,,,,,,,,,,,,,,
,,,,,,,,,,,,,,,,,,,,,,,
,,,,,,,,,,,,,,,,,,,,,,,
,,,,,,,,,,,,,,,,,,,,,,,
,,,,,,,,,,,,,,,,,,,,,,,
,,,,,,,,,,,,,,,,,,,,,,,
,,,,,,,,,,,,,,,,,,,,,,,
,,,,,,,,,,,,,,,,,,,,,,,
,,,,,,,,,,,,,,,,,,,,,,,
,,,,,,,,,,,,,,,,,,,,,,,
,,,,,,,,,,,,,,,,,,,,,,,
,,,,,,,,,,,,,,,,,,,,,,,
,,,,,,,,,,,,,,,,,,,,,,,
,,,,,,,,,,,,,,,,,,,,,,,
,,,,,,,,,,,,,,,,,,,,,,,
,,,,,,,,,,,,,,,,,,,,,,,
,,,,,,,,,,,,,,,,,,,,,,,
,,,,,,,,,,,,,,,,,,,,,,,
,,,,,,,,,,,,,,,,,,,,,,,
,,,,,,,,,,,,,,,,,,,,,,,
,,,,,,,,,,,,,,,,,,,,,,,
,,,,,,,,,,,,,,,,,,,,,,,
,,,,,,,,,,,,,,,,,,,,,,,
,,,,,,,,,,,,,,,,,,,,,,,
,,,,,,,,,,,,,,,,,,,,,,,
,,,,,,,,,,,,,,,,,,,,,,,
,,,,,,,,,,,,,,,,,,,,,,,
,,,,,,,,,,,,,,,,,,,,,,,
,,,,,,,,,,,,,,,,,,,,,,,
,,,,,,,,,,,,,,,,,,,,,,,
,,,,,,,,,,,,,,,,,,,,,,,
,,,,,,,,,,,,,,,,,,,,,,,
,,,,,,,,,,,,,,,,,,,,,,,
,,,,,,,,,,,,,,,,,,,,,,,
,,,,,,,,,,,,,,,,,,,,,,,
,,,,,,,,,,,,,,,,,,,,,,,
,,,,,,,,,,,,,,,,,,,,,,,
,,,,,,,,,,,,,,,,,,,,,,,
,,,,,,,,,,,,,,,,,,,,,,,
,,,,,,,,,,,,,,,,,,,,,,,
,,,,,,,,,,,,,,,,,,,,,,,
,,,,,,,,,,,,,,,,,,,,,,,
,,,,,,,,,,,,,,,,,,,,,,,
,,,,,,,,,,,,,,,,,,,,,,,
,,,,,,,,,,,,,,,,,,,,,,,
,,,,,,,,,,,,,,,,,,,,,,,
,,,,,,,,,,,,,,,,,,,,,,,
,,,,,,,,,,,,,,,,,,,,,,,
,,,,,,,,,,,,,,,,,,,,,,,
,,,,,,,,,,,,,,,,,,,,,,,
,,,,,,,,,,,,,,,,,,,,,,,
,,,,,,,,,,,,,,,,,,,,,,,
,,,,,,,,,,,,,,,,,,,,,,,
,,,,,,,,,,,,,,,,,,,,,,,
,,,,,,,,,,,,,,,,,,,,,,,
,,,,,,,,,,,,,,,,,,,,,,,
,,,,,,,,,,,,,,,,,,,,,,,
,,,,,,,,,,,,,,,,,,,,,,,
,,,,,,,,,,,,,,,,,,,,,,,
,,,,,,,,,,,,,,,,,,,,,,,
,,,,,,,,,,,,,,,,,,,,,,,
,,,,,,,,,,,,,,,,,,,,,,,
,,,,,,,,,,,,,,,,,,,,,,,
,,,,,,,,,,,,,,,,,,,,,,,
,,,,,,,,,,,,,,,,,,,,,,,
,,,,,,,,,,,,,,,,,,,,,,,
,,,,,,,,,,,,,,,,,,,,,,,
,,,,,,,,,,,,,,,,,,,,,,,
,,,,,,,,,,,,,,,,,,,,,,,
,,,,,,,,,,,,,,,,,,,,,,,
,,,,,,,,,,,,,,,,,,,,,,,
,,,,,,,,,,,,,,,,,,,,,,,
,,,,,,,,,,,,,,,,,,,,,,,
,,,,,,,,,,,,,,,,,,,,,,,
,,,,,,,,,,,,,,,,,,,,,,,
,,,,,,,,,,,,,,,,,,,,,,,
,,,,,,,,,,,,,,,,,,,,,,,
,,,,,,,,,,,,,,,,,,,,,,,
,,,,,,,,,,,,,,,,,,,,,,,
,,,,,,,,,,,,,,,,,,,,,,,
,,,,,,,,,,,,,,,,,,,,,,,
,,,,,,,,,,,,,,,,,,,,,,,
,,,,,,,,,,,,,,,,,,,,,,,
,,,,,,,,,,,,,,,,,,,,,,,
,,,,,,,,,,,,,,,,,,,,,,,
,,,,,,,,,,,,,,,,,,,,,,,
,,,,,,,,,,,,,,,,,,,,,,,
,,,,,,,,,,,,,,,,,,,,,,,
,,,,,,,,,,,,,,,,,,,,,,,
,,,,,,,,,,,,,,,,,,,,,,,
,,,,,,,,,,,,,,,,,,,,,,,
,,,,,,,,,,,,,,,,,,,,,,,
,,,,,,,,,,,,,,,,,,,,,,,
,,,,,,,,,,,,,,,,,,,,,,,
,,,,,,,,,,,,,,,,,,,,,,,
,,,,,,,,,,,,,,,,,,,,,,,
,,,,,,,,,,,,,,,,,,,,,,,
,,,,,,,,,,,,,,,,,,,,,,,
,,,,,,,,,,,,,,,,,,,,,,,
,,,,,,,,,,,,,,,,,,,,,,,
,,,,,,,,,,,,,,,,,,,,,,,
,,,,,,,,,,,,,,,,,,,,,,,
,,,,,,,,,,,,,,,,,,,,,,,
,,,,,,,,,,,,,,,,,,,,,,,
,,,,,,,,,,,,,,,,,,,,,,,
,,,,,,,,,,,,,,,,,,,,,,,
,,,,,,,,,,,,,,,,,,,,,,,
,,,,,,,,,,,,,,,,,,,,,,,
,,,,,,,,,,,,,,,,,,,,,,,
,,,,,,,,,,,,,,,,,,,,,,,
,,,,,,,,,,,,,,,,,,,,,,,
,,,,,,,,,,,,,,,,,,,,,,,
,,,,,,,,,,,,,,,,,,,,,,,
,,,,,,,,,,,,,,,,,,,,,,,
,,,,,,,,,,,,,,,,,,,,,,,
,,,,,,,,,,,,,,,,,,,,,,,
,,,,,,,,,,,,,,,,,,,,,,,
,,,,,,,,,,,,,,,,,,,,,,,
,,,,,,,,,,,,,,,,,,,,,,,
,,,,,,,,,,,,,,,,,,,,,,,
,,,,,,,,,,,,,,,,,,,,,,,
,,,,,,,,,,,,,,,,,,,,,,,
,,,,,,,,,,,,,,,,,,,,,,,
,,,,,,,,,,,,,,,,,,,,,,,
,,,,,,,,,,,,,,,,,,,,,,,
,,,,,,,,,,,,,,,,,,,,,,,
,,,,,,,,,,,,,,,,,,,,,,,
,,,,,,,,,,,,,,,,,,,,,,,
,,,,,,,,,,,,,,,,,,,,,,,
,,,,,,,,,,,,,,,,,,,,,,,
,,,,,,,,,,,,,,,,,,,,,,,
,,,,,,,,,,,,,,,,,,,,,,,
,,,,,,,,,,,,,,,,,,,,,,,
,,,,,,,,,,,,,,,,,,,,,,,
,,,,,,,,,,,,,,,,,,,,,,,
,,,,,,,,,,,,,,,,,,,,,,,
,,,,,,,,,,,,,,,,,,,,,,,
,,,,,,,,,,,,,,,,,,,,,,,
,,,,,,,,,,,,,,,,,,,,,,,
,,,,,,,,,,,,,,,,,,,,,,,
,,,,,,,,,,,,,,,,,,,,,,,
,,,,,,,,,,,,,,,,,,,,,,,
,,,,,,,,,,,,,,,,,,,,,,,
,,,,,,,,,,,,,,,,,,,,,,,
,,,,,,,,,,,,,,,,,,,,,,,
,,,,,,,,,,,,,,,,,,,,,,,
,,,,,,,,,,,,,,,,,,,,,,,
,,,,,,,,,,,,,,,,,,,,,,,
,,,,,,,,,,,,,,,,,,,,,,,
,,,,,,,,,,,,,,,,,,,,,,,
,,,,,,,,,,,,,,,,,,,,,,,
,,,,,,,,,,,,,,,,,,,,,,,
,,,,,,,,,,,,,,,,,,,,,,,
,,,,,,,,,,,,,,,,,,,,,,,
,,,,,,,,,,,,,,,,,,,,,,,
,,,,,,,,,,,,,,,,,,,,,,,
,,,,,,,,,,,,,,,,,,,,,,,
,,,,,,,,,,,,,,,,,,,,,,,
,,,,,,,,,,,,,,,,,,,,,,,
,,,,,,,,,,,,,,,,,,,,,,,
,,,,,,,,,,,,,,,,,,,,,,,
,,,,,,,,,,,,,,,,,,,,,,,
,,,,,,,,,,,,,,,,,,,,,,,
,,,,,,,,,,,,,,,,,,,,,,,
,,,,,,,,,,,,,,,,,,,,,,,
,,,,,,,,,,,,,,,,,,,,,,,
,,,,,,,,,,,,,,,,,,,,,,,
,,,,,,,,,,,,,,,,,,,,,,,
,,,,,,,,,,,,,,,,,,,,,,,
,,,,,,,,,,,,,,,,,,,,,,,
,,,,,,,,,,,,,,,,,,,,,,,
,,,,,,,,,,,,,,,,,,,,,,,
,,,,,,,,,,,,,,,,,,,,,,,
,,,,,,,,,,,,,,,,,,,,,,,
,,,,,,,,,,,,,,,,,,,,,,,
,,,,,,,,,,,,,,,,,,,,,,,
,,,,,,,,,,,,,,,,,,,,,,,
,,,,,,,,,,,,,,,,,,,,,,,
,,,,,,,,,,,,,,,,,,,,,,,
,,,,,,,,,,,,,,,,,,,,,,,
,,,,,,,,,,,,,,,,,,,,,,,
,,,,,,,,,,,,,,,,,,,,,,,
,,,,,,,,,,,,,,,,,,,,,,,
,,,,,,,,,,,,,,,,,,,,,,,
,,,,,,,,,,,,,,,,,,,,,,,
,,,,,,,,,,,,,,,,,,,,,,,
,,,,,,,,,,,,,,,,,,,,,,,
,,,,,,,,,,,,,,,,,,,,,,,
,,,,,,,,,,,,,,,,,,,,,,,
,,,,,,,,,,,,,,,,,,,,,,,
,,,,,,,,,,,,,,,,,,,,,,,
,,,,,,,,,,,,,,,,,,,,,,,
,,,,,,,,,,,,,,,,,,,,,,,
,,,,,,,,,,,,,,,,,,,,,,,
,,,,,,,,,,,,,,,,,,,,,,,
,,,,,,,,,,,,,,,,,,,,,,,
,,,,,,,,,,,,,,,,,,,,,,,
,,,,,,,,,,,,,,,,,,,,,,,
,,,,,,,,,,,,,,,,,,,,,,,
,,,,,,,,,,,,,,,,,,,,,,,
,,,,,,,,,,,,,,,,,,,,,,,
,,,,,,,,,,,,,,,,,,,,,,,
,,,,,,,,,,,,,,,,,,,,,,,
,,,,,,,,,,,,,,,,,,,,,,,
,,,,,,,,,,,,,,,,,,,,,,,
,,,,,,,,,,,,,,,,,,,,,,,
,,,,,,,,,,,,,,,,,,,,,,,
,,,,,,,,,,,,,,,,,,,,,,,
,,,,,,,,,,,,,,,,,,,,,,,
,,,,,,,,,,,,,,,,,,,,,,,
,,,,,,,,,,,,,,,,,,,,,,,
,,,,,,,,,,,,,,,,,,,,,,,
,,,,,,,,,,,,,,,,,,,,,,,
,,,,,,,,,,,,,,,,,,,,,,,
,,,,,,,,,,,,,,,,,,,,,,,
,,,,,,,,,,,,,,,,,,,,,,,
,,,,,,,,,,,,,,,,,,,,,,,
,,,,,,,,,,,,,,,,,,,,,,,
,,,,,,,,,,,,,,,,,,,,,,,
,,,,,,,,,,,,,,,,,,,,,,,
,,,,,,,,,,,,,,,,,,,,,,,
,,,,,,,,,,,,,,,,,,,,,,,
,,,,,,,,,,,,,,,,,,,,,,,
,,,,,,,,,,,,,,,,,,,,,,,
,,,,,,,,,,,,,,,,,,,,,,,
,,,,,,,,,,,,,,,,,,,,,,,
,,,,,,,,,,,,,,,,,,,,,,,
,,,,,,,,,,,,,,,,,,,,,,,
,,,,,,,,,,,,,,,,,,,,,,,
,,,,,,,,,,,,,,,,,,,,,,,
,,,,,,,,,,,,,,,,,,,,,,,
,,,,,,,,,,,,,,,,,,,,,,,
,,,,,,,,,,,,,,,,,,,,,,,
,,,,,,,,,,,,,,,,,,,,,,,
,,,,,,,,,,,,,,,,,,,,,,,
,,,,,,,,,,,,,,,,,,,,,,,
,,,,,,,,,,,,,,,,,,,,,,,
,,,,,,,,,,,,,,,,,,,,,,,
,,,,,,,,,,,,,,,,,,,,,,,
,,,,,,,,,,,,,,,,,,,,,,,
,,,,,,,,,,,,,,,,,,,,,,,
,,,,,,,,,,,,,,,,,,,,,,,
,,,,,,,,,,,,,,,,,,,,,,,
,,,,,,,,,,,,,,,,,,,,,,,
,,,,,,,,,,,,,,,,,,,,,,,
,,,,,,,,,,,,,,,,,,,,,,,
,,,,,,,,,,,,,,,,,,,,,,,
,,,,,,,,,,,,,,,,,,,,,,,
,,,,,,,,,,,,,,,,,,,,,,,
,,,,,,,,,,,,,,,,,,,,,,,
,,,,,,,,,,,,,,,,,,,,,,,
,,,,,,,,,,,,,,,,,,,,,,,
,,,,,,,,,,,,,,,,,,,,,,,
,,,,,,,,,,,,,,,,,,,,,,,
,,,,,,,,,,,,,,,,,,,,,,,
,,,,,,,,,,,,,,,,,,,,,,,
,,,,,,,,,,,,,,,,,,,,,,,
,,,,,,,,,,,,,,,,,,,,,,,
,,,,,,,,,,,,,,,,,,,,,,,
,,,,,,,,,,,,,,,,,,,,,,,
,,,,,,,,,,,,,,,,,,,,,,,
,,,,,,,,,,,,,,,,,,,,,,,
,,,,,,,,,,,,,,,,,,,,,,,
,,,,,,,,,,,,,,,,,,,,,,,
,,,,,,,,,,,,,,,,,,,,,,,
,,,,,,,,,,,,,,,,,,,,,,,
,,,,,,,,,,,,,,,,,,,,,,,
,,,,,,,,,,,,,,,,,,,,,,,
,,,,,,,,,,,,,,,,,,,,,,,
,,,,,,,,,,,,,,,,,,,,,,,
,,,,,,,,,,,,,,,,,,,,,,,
,,,,,,,,,,,,,,,,,,,,,,,
,,,,,,,,,,,,,,,,,,,,,,,
,,,,,,,,,,,,,,,,,,,,,,,
,,,,,,,,,,,,,,,,,,,,,,,
,,,,,,,,,,,,,,,,,,,,,,,
,,,,,,,,,,,,,,,,,,,,,,,
,,,,,,,,,,,,,,,,,,,,,,,
,,,,,,,,,,,,,,,,,,,,,,,
,,,,,,,,,,,,,,,,,,,,,,,
,,,,,,,,,,,,,,,,,,,,,,,
,,,,,,,,,,,,,,,,,,,,,,,
,,,,,,,,,,,,,,,,,,,,,,,
,,,,,,,,,,,,,,,,,,,,,,,
,,,,,,,,,,,,,,,,,,,,,,,
,,,,,,,,,,,,,,,,,,,,,,,
,,,,,,,,,,,,,,,,,,,,,,,
,,,,,,,,,,,,,,,,,,,,,,,
,,,,,,,,,,,,,,,,,,,,,,,
,,,,,,,,,,,,,,,,,,,,,,,
,,,,,,,,,,,,,,,,,,,,,,,
,,,,,,,,,,,,,,,,,,,,,,,
,,,,,,,,,,,,,,,,,,,,,,,
,,,,,,,,,,,,,,,,,,,,,,,
,,,,,,,,,,,,,,,,,,,,,,,
,,,,,,,,,,,,,,,,,,,,,,,
,,,,,,,,,,,,,,,,,,,,,,,
,,,,,,,,,,,,,,,,,,,,,,,
,,,,,,,,,,,,,,,,,,,,,,,
,,,,,,,,,,,,,,,,,,,,,,,
,,,,,,,,,,,,,,,,,,,,,,,
,,,,,,,,,,,,,,,,,,,,,,,
,,,,,,,,,,,,,,,,,,,,,,,
,,,,,,,,,,,,,,,,,,,,,,,
,,,,,,,,,,,,,,,,,,,,,,,
,,,,,,,,,,,,,,,,,,,,,,,
,,,,,,,,,,,,,,,,,,,,,,,
,,,,,,,,,,,,,,,,,,,,,,,
,,,,,,,,,,,,,,,,,,,,,,,
,,,,,,,,,,,,,,,,,,,,,,,
,,,,,,,,,,,,,,,,,,,,,,,
,,,,,,,,,,,,,,,,,,,,,,,
,,,,,,,,,,,,,,,,,,,,,,,
,,,,,,,,,,,,,,,,,,,,,,,
,,,,,,,,,,,,,,,,,,,,,,,
,,,,,,,,,,,,,,,,,,,,,,,
,,,,,,,,,,,,,,,,,,,,,,,
,,,,,,,,,,,,,,,,,,,,,,,
,,,,,,,,,,,,,,,,,,,,,,,
,,,,,,,,,,,,,,,,,,,,,,,
,,,,,,,,,,,,,,,,,,,,,,,
,,,,,,,,,,,,,,,,,,,,,,,
,,,,,,,,,,,,,,,,,,,,,,,
,,,,,,,,,,,,,,,,,,,,,,,
,,,,,,,,,,,,,,,,,,,,,,,
,,,,,,,,,,,,,,,,,,,,,,,
,,,,,,,,,,,,,,,,,,,,,,,
,,,,,,,,,,,,,,,,,,,,,,,
,,,,,,,,,,,,,,,,,,,,,,,
,,,,,,,,,,,,,,,,,,,,,,,
,,,,,,,,,,,,,,,,,,,,,,,
,,,,,,,,,,,,,,,,,,,,,,,
,,,,,,,,,,,,,,,,,,,,,,,
,,,,,,,,,,,,,,,,,,,,,,,
,,,,,,,,,,,,,,,,,,,,,,,
,,,,,,,,,,,,,,,,,,,,,,,
